<?xml version="1.0" encoding="UTF-8"?>
<project-private xmlns="http://www.netbeans.org/ns/project-private/1">
    <editor-bookmarks xmlns="http://www.netbeans.org/ns/editor-bookmarks/2" lastBookmarkId="0"/>
    <open-files xmlns="http://www.netbeans.org/ns/projectui-open-files/2">
        <group>
            <file>file:/C:/Users/Rodrigo/Desktop/InicioSesion/src/java/hibernate.reveng.xml</file>
            <file>file:/C:/Users/Rodrigo/Desktop/InicioSesion/src/java/Controlador/SesionDaoHibernate.java</file>
            <file>file:/C:/Users/Rodrigo/Desktop/InicioSesion/src/java/hibernate.cfg.xml</file>
            <file>file:/C:/Users/Rodrigo/Desktop/InicioSesion/src/java/DAO/Sesion.java</file>
            <file>file:/C:/Users/Rodrigo/Desktop/InicioSesion/src/java/Controlador/AbstractDao.java</file>
            <file>file:/C:/Users/Rodrigo/Desktop/InicioSesion/src/java/test/Main.java</file>
        </group>
    </open-files>
</project-private>
