<?xml version="1.0"?>
<!DOCTYPE hibernate-mapping PUBLIC "-//Hibernate/Hibernate Mapping DTD 3.0//EN"
"http://www.hibernate.org/dtd/hibernate-mapping-3.0.dtd">
<!-- Generated 15/03/2016 10:56:26 PM by Hibernate Tools 4.3.1 -->
<hibernate-mapping>
    <class name="DAO.Sesion" table="sesion" schema="public" optimistic-lock="version">
        <id name="nombreusuario" type="string">
            <column name="nombreusuario" length="256" />
            <generator class="assigned" />
        </id>
        <property name="password" type="string">
            <column name="password" length="256" />
        </property>
    </class>
</hibernate-mapping>
